{
  "num_queries": 4703,
  "features_dir": "C:\\Users\\annas\\Desktop\\MIE1517\\FashionMatcher\\ml\\features\\G_finetuning_plus_transfer-learning",
  "index_ntotal": 11984,
  "gallery_item_ids_len": 11984,
  "label_overlap": 1177,
  "match_on": "pair_id",
  "precision@1": 0.34722517541994474,
  "precision@5": 0.09513076759514845,
  "precision@10": 0.05322134807569425,
  "recall@1": 0.34722517541994474,
  "recall@5": 0.47565383797576016,
  "recall@10": 0.5322134807569636
}