{
  "num_queries": 4703,
  "match_on": "pair_id",
  "precision@1": 0.05996172655751648,
  "precision@5": 0.031894535402934306,
  "precision@10": 0.020136083351052284,
  "recall@1": 0.05996172655751648,
  "recall@5": 0.1594726770146715,
  "recall@10": 0.2013608335105252
}